{"entityTypes":[{"id":"c9afdaa6-321d-4f43-b78c-d587cbdf48dd","label":"GeographicFeature","sireProp":{"mentionType":null,"subtypes":null,"roles":["c9afdaa6-321d-4f43-b78c-d587cbdf48dd"],"clazz":null,"color":null,"hotkey":null,"backGroundColor":null,"active":true,"roleOnly":false},"creationDate":1523610836344,"source":null,"modifiedDate":0,"typeType":null,"typeClass":null,"typeVersion":null,"typeDesc":null,"typeSuperType":null,"typeSuperTypeId":null,"typeCreateDate":null,"typeUpdateDate":null,"typeProvenance":null,"alchemyAPITypes":null,"nluAPITypes":null},{"id":"1bf8d103-a6f0-4ead-8386-27c780e3248b","label":"Facility","sireProp":{"mentionType":null,"subtypes":null,"roles":["1bf8d103-a6f0-4ead-8386-27c780e3248b"],"clazz":null,"color":null,"hotkey":null,"backGroundColor":null,"active":true,"roleOnly":false},"creationDate":1523610796463,"source":null,"modifiedDate":0,"typeType":null,"typeClass":null,"typeVersion":null,"typeDesc":null,"typeSuperType":null,"typeSuperTypeId":null,"typeCreateDate":null,"typeUpdateDate":null,"typeProvenance":null,"alchemyAPITypes":null,"nluAPITypes":null},{"id":"87af8130-1262-4669-89d7-29f4cf1b99c6","label":"Organization","sireProp":{"mentionType":null,"subtypes":null,"roles":["87af8130-1262-4669-89d7-29f4cf1b99c6"],"clazz":null,"color":null,"hotkey":null,"backGroundColor":null,"active":true,"roleOnly":false},"creationDate":1523610698929,"source":null,"modifiedDate":0,"typeType":null,"typeClass":null,"typeVersion":null,"typeDesc":null,"typeSuperType":null,"typeSuperTypeId":null,"typeCreateDate":null,"typeUpdateDate":null,"typeProvenance":null,"alchemyAPITypes":null,"nluAPITypes":null},{"id":"1cb576b8-df02-4da2-b0db-427292c43021","label":"JobTitle","sireProp":{"mentionType":null,"subtypes":null,"roles":["1cb576b8-df02-4da2-b0db-427292c43021"],"clazz":null,"color":null,"hotkey":null,"backGroundColor":null,"active":true,"roleOnly":false},"creationDate":1523610685869,"source":null,"modifiedDate":0,"typeType":null,"typeClass":null,"typeVersion":null,"typeDesc":null,"typeSuperType":null,"typeSuperTypeId":null,"typeCreateDate":null,"typeUpdateDate":null,"typeProvenance":null,"alchemyAPITypes":null,"nluAPITypes":null},{"id":"1967c7f1-0b3d-4709-99ea-3b1306dc027e","label":"Location","sireProp":{"mentionType":null,"subtypes":["City","Country"],"roles":["1967c7f1-0b3d-4709-99ea-3b1306dc027e"],"clazz":null,"color":null,"hotkey":null,"backGroundColor":null,"active":true,"roleOnly":false},"creationDate":1523610642125,"source":null,"modifiedDate":0,"typeType":null,"typeClass":null,"typeVersion":null,"typeDesc":null,"typeSuperType":null,"typeSuperTypeId":null,"typeCreateDate":null,"typeUpdateDate":null,"typeProvenance":null,"alchemyAPITypes":null,"nluAPITypes":null},{"id":"e6fe838e-fa41-4382-9377-1182cfb2cf8d","label":"Person","sireProp":{"mentionType":null,"subtypes":null,"roles":["e6fe838e-fa41-4382-9377-1182cfb2cf8d"],"clazz":null,"color":null,"hotkey":null,"backGroundColor":null,"active":true,"roleOnly":false},"creationDate":1523610620127,"source":null,"modifiedDate":0,"typeType":null,"typeClass":null,"typeVersion":null,"typeDesc":null,"typeSuperType":null,"typeSuperTypeId":null,"typeCreateDate":null,"typeUpdateDate":null,"typeProvenance":null,"alchemyAPITypes":null,"nluAPITypes":null}],"relationshipTypes":[],"sireInfo":{"entityProp":{"mentionType":[{"color":"white","hotkey":"1","backGroundColor":"#AA00FF","name":"NAM"},{"color":"black","hotkey":"2","backGroundColor":"#00FF7F","name":"NOM"},{"color":"black","hotkey":"3","backGroundColor":"#AAFFFF","name":"PRO"},{"color":"white","hotkey":"4","backGroundColor":"gray","name":"NONE"}],"subtypes":null,"roles":null,"clazz":[{"color":"#A5A5A5","hotkey":"3","backGroundColor":"white","name":"SPC"},{"color":"black","hotkey":"2","backGroundColor":"#00FF7F","name":"NEG"},{"color":"black","hotkey":"1","backGroundColor":"#AAFFFF","name":"GEN"}],"color":null,"hotkey":null,"backGroundColor":null,"active":true,"roleOnly":false},"relationProp":null},"functionalEntityTypes":[{"id":"CATCH_ALL_ENTITY_ID","label":"*","sireProp":{"mentionType":null,"subtypes":null,"roles":null,"clazz":null,"color":null,"hotkey":null,"backGroundColor":null,"active":true,"roleOnly":false},"creationDate":1523538027196,"source":null,"modifiedDate":0,"typeType":null,"typeClass":null,"typeVersion":null,"typeDesc":null,"typeSuperType":null,"typeSuperTypeId":null,"typeCreateDate":null,"typeUpdateDate":null,"typeProvenance":null,"alchemyAPITypes":null,"nluAPITypes":null}],"pid":"786f6700-3e51-11e8-8080-f5f921f5eca1","modified_date":1523610898935,"kgimported":false}